Rating scale by emissions intensity expressed as miles per gallon,City,PEV well-to-wheels carbon dioxide equivalent (CO2-e) emissions per year expressed as mpg US,Percent reduction in CO2-e emissions compared with 27 mpg US average new compact car,Combined EPA's rated fuel economy and GHG emissions for reference gasoline-powered car[116],
Best,"Juneau, Alaska",112 mpg‑US (2.10 L/100 km),315%,2012 Toyota Prius/Prius c,
LowestCO2-e emissions,San Francisco,79 mpg‑US (3.0 L/100 km),193%,50 mpg‑US (4.7 L/100 km),
equivalent to,New York City,74 mpg‑US (3.2 L/100 km),174%,,
over 50 mpg‑US (4.7 L/100 km),"Portland, Oregon",73 mpg‑US (3.2 L/100 km),170%,Greenhouse gas emissions (grams/mile),
,Boston,67 mpg‑US (3.5 L/100 km),148%,Tailpipe CO2,Upstream GHG
,"Washington, D.C.",58 mpg‑US (4.1 L/100 km),115%,178 g/mi (111 g/km),44 g/mi (27 g/km)
Better,"Phoenix, Arizona",48 mpg‑US (4.9 L/100 km),78%,2012 Honda Civic Hybrid,
Moderate CO2-e emissions,Miami,47 mpg‑US (5.0 L/100 km),74%,44 mpg‑US (5.3 L/100 km),
equivalent to between,Houston,46 mpg‑US (5.1 L/100 km),70%,Greenhouse gas emissions (grams/mile),
41 mpg‑US (5.7 L/100 km) and,"Columbus, Ohio",41 mpg‑US (5.7 L/100 km),52%,Tailpipe CO2,Upstream GHG
50 mpg‑US (4.7 L/100 km),Atlanta,41 mpg‑US (5.7 L/100 km),52%,202 g/mi (125 g/km),50 g/mi (31 g/km)
Good,Detroit,38 mpg‑US (6.2 L/100 km),41%,2012 Chevrolet Cruze,
Highest CO2-e emissions,"Des Moines, Iowa",37 mpg‑US (6.4 L/100 km),37%,30 mpg‑US (7.8 L/100 km),
equivalent to between,"St. Louis, Missouri",36 mpg‑US (6.5 L/100 km),33%,Greenhouse gas emissions (grams/mile),
31 mpg‑US (7.6 L/100 km) and,"Wichita, Kansas",35 mpg‑US (6.7 L/100 km),30%,Tailpipe CO2,Upstream GHG
40 mpg‑US (5.9 L/100 km),Denver,33 mpg‑US (7.1 L/100 km),22%,296 g/mi (184 g/km),73 g/mi (45 g/km)
